[
	{
		"chiralFrequency": 0,
		"timefall": true,
		"guid": "4c73d893-4afe-48b9-95b3-b7034b990f7f",
		"name": "West Knot Shelter",
		"phone": "+1 (833) 500-2122",
		"address": "534 Lorimer Street, Waiohinu, United Cities of America, 3"
	},
	{
		"chiralFrequency": 0,
		"timefall": false,
		"guid": "4c73d893-4afe-48b9-95b3-b7034b990f7f",
		"name": "West Knot Shelter",
		"phone": "+1 (833) 500-2122",
		"address": "534 Lorimer Street, Waiohinu, United Cities of America, 3"
	},
		{
		"chiralFrequency": 0,
		"timefall": false,
		"guid": "4c73d893-4afe-48b9-95b3-b7034b990f7f",
		"name": "West Knot Shelter",
		"phone": "+1 (833) 500-2122",
		"address": "534 Lorimer Street, Waiohinu, United Cities of America, 3"
	}
]