[
{
  "chiralFrequency": 1,
  "timefall": false,
  "guid": "guid five",
  "name": "Cinco",
  "phone": "+1 (833) 500-2122",
  "address": "Address 5"
},{
  "chiralFrequency": 2,
  "timefall": false,
  "guid": "guid one",
  "name": "Uno",
  "phone": "+1 (833) 500-2122",
  "address": "Address 1"
},{
  "chiralFrequency": 8,
  "timefall": false,
  "guid": "guid six",
  "name": "seis",
  "phone": "+1 (833) 500-2122",
  "address": "Address 6"
},{
  "chiralFrequency": 600,
  "timefall": true,
  "guid": "guid seven",
  "name": "siete",
  "phone": "+1 (833) 500-2122",
  "address": "Address 7"
}
]